gene_id,CV,high_CV
tRNA-Phe-GAA-6-1,0.81330172,1
tRNA-Ile-AAT-9-1,0.801716692,1
tRNA-Asn-GTT-26-1,0.701734246,1
tRNA-Thr-TGT-1-1,0.694029415,1
tRNA-Tyr-GTA-9-1,0.668512085,1
tRNA-Lys-CTT-10-1,0.668503203,1
tRNA-Lys-CTT-8-1,0.666040719,1
tRNA-Ala-AGC-6-1,0.665626349,1
tRNA-Asn-GTT-6-1,0.640132938,1
tRNA-Asn-GTT-11-1,0.638073506,1
tRNA-Asn-GTT-11-2,0.637705555,1
tRNA-Lys-TTT-11-1,0.612594691,1
tRNA-Met-CAT-5-2,0.609342124,1
tRNA-Met-CAT-5-1,0.606661945,1
tRNA-Asn-GTT-12-1,0.588434165,1
tRNA-Thr-CGT-1-1,0.58439004,1
tRNA-Asn-GTT-8-1,0.577423572,1
tRNA-Lys-CTT-9-1,0.577264927,1
tRNA-Thr-AGT-4-1,0.574101964,1
tRNA-Cys-GCA-12-1,0.572482624,1
tRNA-Thr-AGT-3-1,0.57169669,1
tRNA-Ala-AGC-15-1,0.571480375,1
tRNA-Asn-GTT-10-1,0.561133385,1
tRNA-Asn-GTT-25-1,0.560720365,1
tRNA-Ala-AGC-9-1,0.559951361,1
tRNA-Asn-GTT-27-1,0.554269424,1
tRNA-Phe-GAA-4-1,0.547270883,1
tRNA-Met-CAT-4-1,0.546504095,1
tRNA-Met-CAT-4-3,0.542045948,1
tRNA-Met-CAT-4-2,0.541496205,1
tRNA-Lys-TTT-7-1,0.538529388,1
tRNA-Cys-GCA-16-1,0.53734612,1
tRNA-Leu-TAA-4-1,0.537073973,1
tRNA-Met-CAT-2-1,0.534396405,1
tRNA-Asn-GTT-7-1,0.52762716,1
tRNA-Phe-GAA-1-4,0.519814866,1
tRNA-Cys-GCA-21-1,0.518311203,1
tRNA-Phe-GAA-1-2,0.518101115,1
tRNA-Phe-GAA-1-6,0.517285684,1
tRNA-Phe-GAA-1-5,0.51706899,1
tRNA-Phe-GAA-1-3,0.514707689,1
tRNA-Phe-GAA-1-1,0.513875611,1
tRNA-Ala-AGC-12-3,0.513610093,1
tRNA-Ala-AGC-9-2,0.512452671,1
tRNA-Phe-GAA-3-1,0.512409403,1
tRNA-Arg-TCT-4-1,0.511986637,1
tRNA-Ala-AGC-10-2,0.51155223,1
tRNA-Arg-TCG-6-1,0.511124232,1
tRNA-Ala-AGC-10-1,0.510326623,1
tRNA-Ala-AGC-12-2,0.506556723,1
tRNA-Ala-AGC-12-1,0.503376766,1
tRNA-Cys-GCA-15-1,0.503023886,1
tRNA-Ala-AGC-14-2,0.502198395,1
tRNA-Cys-GCA-18-1,0.49883451,1
tRNA-Ala-AGC-14-1,0.496350081,1
tRNA-Arg-TCT-5-1,0.493390684,1
tRNA-Cys-GCA-3-1,0.489989197,1
tRNA-Ala-AGC-24-1,0.489972611,1
tRNA-Phe-GAA-2-1,0.483130855,1
tRNA-Thr-CGT-5-1,0.476027171,1
tRNA-Gly-CCC-3-1,0.474208778,1
tRNA-Cys-GCA-13-1,0.472381442,1
tRNA-Cys-GCA-10-1,0.471892951,1
tRNA-Leu-TAA-2-1,0.471715259,1
tRNA-Cys-GCA-9-4,0.467524832,1
tRNA-Cys-GCA-9-1,0.466637111,1
tRNA-Cys-GCA-9-3,0.464167714,1
tRNA-Ala-AGC-13-2,0.46338521,1
tRNA-Ala-AGC-13-3,0.46054033,1
tRNA-Cys-GCA-9-2,0.460013036,1
tRNA-Ala-AGC-13-1,0.459735299,1
tRNA-Cys-GCA-20-1,0.459732431,1
tRNA-Cys-GCA-22-1,0.455911169,1
tRNA-Arg-TCG-4-1,0.450068303,1
tRNA-Ile-GAT-1-3,0.447052533,1
tRNA-Gly-GCC-4-1,0.446553299,1
tRNA-Asn-GTT-9-2,0.446318843,1
tRNA-Ser-CGA-3-1,0.446063662,1
tRNA-Ile-AAT-12-1,0.444540453,1
tRNA-Met-CAT-7-1,0.440822957,1
tRNA-Asn-GTT-9-1,0.436399323,1
tRNA-Asn-GTT-24-1,0.435182697,1
tRNA-Cys-GCA-19-1,0.433544758,1
tRNA-Ala-AGC-16-1,0.431956733,1
tRNA-Arg-TCG-2-1,0.431128114,1
tRNA-Lys-TTT-2-1,0.427087325,1
tRNA-Arg-TCG-5-1,0.426860149,1
tRNA-Lys-TTT-1-1,0.423530582,1
tRNA-Cys-GCA-23-1,0.416439681,1
tRNA-Ile-TAT-3-1,0.414863327,1
tRNA-Met-CAT-3-1,0.412567237,1
tRNA-Ile-GAT-1-1,0.408726845,1
tRNA-Met-CAT-3-2,0.408534763,1
tRNA-Arg-TCT-2-1,0.408183394,1
tRNA-Cys-GCA-17-1,0.406148945,1
tRNA-Ile-GAT-1-2,0.399161947,1
tRNA-Leu-TAG-2-1,0.396199461,1
tRNA-Leu-TAA-3-1,0.396159603,1
tRNA-Ser-CGA-2-1,0.395913417,1
tRNA-Arg-TCT-3-2,0.387294368,1
tRNA-Arg-TCT-3-1,0.387254311,1
tRNA-Asn-GTT-4-1,0.373945954,1
tRNA-Lys-TTT-6-1,0.373376359,1
tRNA-Ile-TAT-2-1,0.372731984,1
tRNA-Ile-TAT-2-3,0.372426431,1
tRNA-Ile-TAT-2-2,0.371888852,1
tRNA-Leu-CAA-6-1,0.370430122,1
tRNA-Val-TAC-4-1,0.368823272,1
tRNA-Ile-TAT-1-1,0.367217783,1
tRNA-Ile-AAT-6-1,0.364417486,1
tRNA-Cys-GCA-11-1,0.363925125,1
tRNA-Thr-AGT-6-1,0.363860392,1
tRNA-Asn-GTT-5-1,0.360161454,1
tRNA-Cys-GCA-1-1,0.358873176,1
tRNA-Val-CAC-6-1,0.356104135,1
tRNA-Thr-AGT-5-1,0.35551337,1
tRNA-Thr-TGT-2-1,0.354518889,1
tRNA-Val-TAC-3-1,0.351544734,1
tRNA-Thr-CGT-3-1,0.35144121,1
tRNA-Thr-TGT-6-1,0.349953095,1
tRNA-Ile-AAT-3-1,0.344375324,1
tRNA-Thr-AGT-2-2,0.342570456,1
tRNA-Lys-CTT-11-1,0.341471663,1
tRNA-Thr-AGT-2-1,0.340695368,1
tRNA-Leu-CAA-1-2,0.339194553,1
tRNA-Lys-CTT-7-1,0.338289835,1
tRNA-Tyr-GTA-4-1,0.33792047,1
tRNA-Ala-AGC-1-1,0.337914153,1
tRNA-Ala-AGC-5-1,0.336402207,1
tRNA-Cys-GCA-7-1,0.335910955,1
tRNA-Arg-CCG-1-3,0.335837041,1
tRNA-Arg-CCG-1-2,0.334170356,1
tRNA-Ile-AAT-8-1,0.3341147,1
tRNA-Ile-AAT-4-1,0.334012876,1
tRNA-Arg-ACG-2-1,0.333440666,1
tRNA-Gln-CTG-7-1,0.33338963,1
tRNA-Gly-TCC-4-1,0.332995693,1
tRNA-Arg-CCG-1-1,0.326945323,1
tRNA-Thr-AGT-1-2,0.32541251,1
tRNA-Trp-CCA-5-1,0.325334683,1
tRNA-Thr-AGT-1-3,0.324358589,1
tRNA-Thr-AGT-1-1,0.324333061,1
tRNA-Arg-ACG-2-2,0.323421615,1
tRNA-Lys-CTT-5-1,0.321071264,1
tRNA-Ile-AAT-2-1,0.320530766,1
tRNA-Arg-CCT-5-1,0.320027892,1
tRNA-Arg-ACG-2-4,0.319730175,1
tRNA-Ala-TGC-7-1,0.317241637,1
tRNA-Ala-TGC-5-1,0.316736259,1
tRNA-Thr-TGT-3-1,0.315143985,1
tRNA-Arg-ACG-2-3,0.311094239,1
tRNA-Ala-AGC-7-1,0.310917119,1
tRNA-Ser-GCT-6-1,0.305703268,1
tRNA-Arg-TCG-3-1,0.303897942,1
tRNA-Ala-CGC-4-1,0.303444805,1
tRNA-Cys-GCA-5-1,0.303246129,1
tRNA-Ala-AGC-2-2,0.298621301,0
tRNA-Cys-GCA-6-1,0.29642019,0
tRNA-Ser-CGA-1-1,0.292282961,0
tRNA-Thr-TGT-4-1,0.290837969,0
tRNA-Ile-AAT-5-2,0.289272961,0
tRNA-Arg-ACG-1-2,0.288860232,0
tRNA-Asn-GTT-1-1,0.288776509,0
tRNA-Ile-AAT-1-1,0.288505351,0
tRNA-Tyr-GTA-7-1,0.287256349,0
tRNA-Leu-CAA-4-1,0.282603762,0
tRNA-Ala-TGC-6-1,0.282313268,0
tRNA-Glu-TTC-3-1,0.281257466,0
tRNA-Cys-GCA-14-1,0.27940099,0
tRNA-Arg-ACG-1-3,0.277549786,0
tRNA-Thr-TGT-5-1,0.275745583,0
tRNA-Asn-GTT-2-8,0.275693123,0
tRNA-Ile-AAT-7-2,0.275194271,0
tRNA-Asn-GTT-2-4,0.275044297,0
tRNA-Asn-GTT-2-3,0.273796782,0
tRNA-Leu-CAA-2-1,0.273713414,0
tRNA-Asn-GTT-2-2,0.273642493,0
tRNA-Val-CAC-14-1,0.273411507,0
tRNA-Asn-GTT-2-6,0.273371467,0
tRNA-Ile-AAT-7-1,0.272894136,0
tRNA-Asn-GTT-2-7,0.272669022,0
tRNA-Tyr-GTA-6-1,0.27234251,0
tRNA-Asn-GTT-2-5,0.272322613,0
tRNA-Asn-GTT-2-1,0.272108289,0
tRNA-Arg-ACG-1-1,0.270548306,0
tRNA-Glu-TTC-14-1,0.268179859,0
tRNA-Asn-GTT-3-1,0.265767376,0
tRNA-Gln-CTG-4-2,0.264276923,0
tRNA-Ser-TGA-1-1,0.263968899,0
tRNA-Cys-GCA-8-1,0.263347925,0
tRNA-Gln-CTG-4-1,0.262802833,0
tRNA-Ala-TGC-1-1,0.262616892,0
tRNA-Val-AAC-5-1,0.258423838,0
tRNA-Leu-AAG-4-1,0.255988564,0
tRNA-iMet-CAT-2-1,0.255123196,0
tRNA-Leu-CAA-1-1,0.253660529,0
tRNA-Pro-TGG-1-1,0.253405677,0
tRNA-Ser-GCT-1-1,0.253200717,0
tRNA-Lys-TTT-4-1,0.253172457,0
tRNA-Ile-AAT-5-5,0.252784638,0
tRNA-Ile-AAT-5-3,0.252708763,0
tRNA-Leu-TAG-3-1,0.252528039,0
tRNA-Ala-AGC-11-1,0.25237596,0
tRNA-Trp-CCA-1-1,0.252074556,0
tRNA-Leu-CAA-3-1,0.251407105,0
tRNA-Met-CAT-6-1,0.251175217,0
tRNA-Ile-AAT-5-4,0.250502336,0
tRNA-Ile-AAT-5-1,0.249265106,0
tRNA-Ser-CGA-4-1,0.246896558,0
tRNA-Gln-CTG-3-1,0.246294045,0
tRNA-Gln-CTG-3-2,0.24528247,0
tRNA-Thr-CGT-2-1,0.24357977,0
tRNA-Glu-TTC-4-2,0.240244525,0
tRNA-Gln-TTG-4-1,0.239721418,0
tRNA-Ser-GCT-2-1,0.239316738,0
tRNA-Ser-AGA-2-1,0.238735512,0
tRNA-Glu-TTC-4-1,0.236576722,0
tRNA-Asp-GTC-3-1,0.234695854,0
tRNA-Tyr-GTA-3-1,0.231041766,0
tRNA-Gln-CTG-6-1,0.23085605,0
tRNA-Leu-TAA-1-1,0.226707552,0
tRNA-Ser-AGA-4-1,0.226518536,0
tRNA-Gly-TCC-2-5,0.223134766,0
tRNA-Ala-AGC-2-1,0.223016603,0
tRNA-Gly-TCC-2-6,0.222847968,0
tRNA-Trp-CCA-3-2,0.222579235,0
tRNA-Gly-TCC-2-3,0.222559548,0
tRNA-Ala-AGC-8-2,0.222441568,0
tRNA-Gly-TCC-2-1,0.222206796,0
tRNA-Gly-TCC-3-1,0.222132955,0
tRNA-Trp-CCA-3-3,0.221249682,0
tRNA-Arg-TCG-1-1,0.220958998,0
tRNA-Trp-CCA-3-1,0.220888696,0
tRNA-Gly-TCC-2-4,0.220418043,0
tRNA-Gly-TCC-2-2,0.220387296,0
tRNA-Ala-AGC-3-1,0.218969709,0
tRNA-Ser-TGA-4-1,0.218813583,0
tRNA-Trp-CCA-4-1,0.216572662,0
tRNA-Ala-AGC-4-1,0.214479316,0
tRNA-Ser-AGA-3-1,0.21080715,0
tRNA-Met-CAT-1-1,0.210140213,0
tRNA-Ser-AGA-2-4,0.208450714,0
tRNA-Pro-AGG-2-3,0.208193567,0
tRNA-Ser-AGA-2-3,0.208114959,0
tRNA-Pro-AGG-2-8,0.207858405,0
tRNA-Pro-AGG-2-6,0.207680053,0
tRNA-Pro-AGG-2-2,0.207454964,0
tRNA-Pro-AGG-2-4,0.207400858,0
tRNA-Ser-TGA-3-1,0.207394074,0
tRNA-Ser-AGA-2-6,0.207331886,0
tRNA-Ser-AGA-2-5,0.206874648,0
tRNA-Pro-AGG-2-5,0.206798323,0
tRNA-Pro-AGG-2-1,0.20651263,0
tRNA-Ser-AGA-2-2,0.20562893,0
tRNA-Pro-AGG-2-7,0.205556738,0
tRNA-Pro-TGG-3-2,0.205227925,0
tRNA-Pro-TGG-3-1,0.205091298,0
tRNA-Cys-GCA-2-3,0.204433946,0
tRNA-Pro-TGG-3-4,0.203689429,0
tRNA-Pro-TGG-3-3,0.203250753,0
tRNA-Pro-TGG-3-5,0.203192144,0
tRNA-Leu-AAG-1-3,0.202826867,0
tRNA-iMet-CAT-1-1,0.202809374,0
tRNA-iMet-CAT-1-7,0.202787757,0
tRNA-iMet-CAT-1-2,0.202766683,0
tRNA-iMet-CAT-1-6,0.2027368,0
tRNA-iMet-CAT-1-8,0.202654893,0
tRNA-iMet-CAT-1-3,0.202597471,0
tRNA-Leu-AAG-3-1,0.202015432,0
tRNA-iMet-CAT-1-4,0.201955626,0
tRNA-iMet-CAT-1-5,0.201849388,0
tRNA-Leu-AAG-1-1,0.201396724,0
tRNA-Cys-GCA-2-4,0.201016911,0
tRNA-Ala-AGC-8-1,0.200321845,0
tRNA-Ser-GCT-5-1,0.200281825,0
tRNA-Cys-GCA-2-2,0.200065629,0
tRNA-Val-CAC-2-1,0.199629108,0
tRNA-Pro-AGG-1-1,0.198706777,0
tRNA-Leu-AAG-1-2,0.198279408,0
tRNA-Arg-CCT-3-1,0.197678141,0
tRNA-Gly-TCC-1-1,0.196414451,0
tRNA-Tyr-GTA-8-1,0.195919281,0
tRNA-Asp-GTC-1-1,0.19523597,0
tRNA-Cys-GCA-2-1,0.195009448,0
tRNA-Cys-GCA-4-1,0.194855212,0
tRNA-Ala-TGC-2-1,0.194448501,0
tRNA-SeC-TCA-1-1,0.193834792,0
tRNA-Lys-CTT-3-1,0.193316164,0
tRNA-Asp-GTC-2-2,0.192616602,0
tRNA-Asp-GTC-2-7,0.192021112,0
tRNA-Asp-GTC-2-11,0.191837329,0
tRNA-Asp-GTC-2-5,0.191507339,0
tRNA-Ser-AGA-1-1,0.191423308,0
tRNA-Asp-GTC-2-3,0.191380593,0
tRNA-Asp-GTC-2-8,0.191167432,0
tRNA-Ala-CGC-1-1,0.191120642,0
tRNA-Asp-GTC-2-10,0.190743848,0
tRNA-Pro-CGG-2-1,0.190674825,0
tRNA-Ser-TGA-2-1,0.190657309,0
tRNA-Asp-GTC-2-9,0.190559246,0
tRNA-Asp-GTC-2-4,0.190506342,0
tRNA-Asp-GTC-2-6,0.190421584,0
tRNA-Asp-GTC-2-1,0.190131851,0
tRNA-Leu-TAG-1-1,0.18998026,0
tRNA-Pro-CGG-1-3,0.189488051,0
tRNA-Ala-CGC-2-1,0.188578202,0
tRNA-Leu-AAG-2-4,0.188339261,0
tRNA-Leu-CAG-1-1,0.187850509,0
tRNA-Leu-CAG-1-7,0.187661069,0
tRNA-Pro-CGG-1-2,0.187601096,0
tRNA-Leu-CAG-1-5,0.187593969,0
tRNA-Arg-TCT-1-1,0.187175997,0
tRNA-Leu-AAG-2-1,0.187058757,0
tRNA-Leu-CAG-1-3,0.186887217,0
tRNA-Leu-CAG-1-4,0.1866867,0
tRNA-Leu-CAG-1-6,0.186597366,0
tRNA-Leu-AAG-2-3,0.186481329,0
tRNA-Pro-CGG-1-1,0.186349708,0
tRNA-Leu-CAG-2-1,0.186179945,0
tRNA-Leu-CAG-1-2,0.186060545,0
tRNA-Leu-AAG-2-2,0.185648059,0
tRNA-Val-CAC-3-1,0.184858171,0
tRNA-Thr-CGT-4-1,0.184508174,0
tRNA-Ser-GCT-4-2,0.18066157,0
tRNA-Val-TAC-1-1,0.179781104,0
tRNA-Ser-GCT-4-3,0.179473847,0
tRNA-Val-TAC-1-2,0.17872166,0
tRNA-Ser-GCT-4-1,0.178605127,0
tRNA-Ala-TGC-3-1,0.17676096,0
tRNA-Leu-CAG-2-2,0.176111513,0
tRNA-Ala-TGC-3-2,0.175073955,0
tRNA-Val-TAC-2-1,0.168654426,0
tRNA-Ala-TGC-4-1,0.166830024,0
tRNA-Lys-TTT-5-1,0.165678482,0
tRNA-Ala-CGC-3-1,0.160322568,0
tRNA-Ser-GCT-3-1,0.155112115,0
tRNA-Lys-CTT-2-5,0.153105872,0
tRNA-Tyr-GTA-5-2,0.152758507,0
tRNA-Arg-CCT-2-1,0.152422359,0
tRNA-Tyr-GTA-5-5,0.152375142,0
tRNA-Lys-CTT-2-3,0.152259619,0
tRNA-Tyr-GTA-5-4,0.152053626,0
tRNA-Tyr-GTA-5-3,0.152042093,0
tRNA-Tyr-GTA-5-1,0.151535513,0
tRNA-Arg-CCT-1-1,0.150987388,0
tRNA-Lys-CTT-2-4,0.150324737,0
tRNA-Lys-CTT-2-2,0.150125753,0
tRNA-Lys-CTT-2-1,0.149773844,0
tRNA-Lys-TTT-3-4,0.144541663,0
tRNA-Val-AAC-3-1,0.144346403,0
tRNA-Lys-TTT-3-5,0.143762668,0
tRNA-Lys-TTT-3-3,0.143093058,0
tRNA-Lys-TTT-3-1,0.141106801,0
tRNA-Lys-TTT-3-2,0.140055476,0
tRNA-Val-AAC-2-1,0.13730472,0
tRNA-Tyr-GTA-1-1,0.133869772,0
tRNA-Tyr-GTA-2-1,0.132678131,0
tRNA-Val-CAC-4-1,0.12863291,0
tRNA-Arg-CCT-4-1,0.126085432,0
tRNA-Pro-TGG-2-1,0.121900543,0
tRNA-Trp-CCA-2-1,0.119776618,0
tRNA-Lys-CTT-4-1,0.109981589,0
tRNA-Val-AAC-4-1,0.108545885,0
tRNA-Glu-TTC-1-1,0.107142511,0
tRNA-Lys-CTT-1-2,0.106837075,0
tRNA-Glu-TTC-1-2,0.106665779,0
tRNA-Lys-CTT-1-1,0.106642741,0
tRNA-Val-AAC-1-2,0.104770277,0
tRNA-Val-AAC-1-3,0.104263726,0
tRNA-Val-AAC-1-5,0.104031135,0
tRNA-Val-AAC-1-1,0.103870579,0
tRNA-Val-AAC-1-4,0.103832122,0
tRNA-Val-CAC-1-4,0.096359863,0
tRNA-Val-CAC-1-2,0.095947324,0
tRNA-Val-CAC-1-3,0.095942573,0
tRNA-Val-CAC-1-5,0.095458799,0
tRNA-Val-CAC-1-7,0.095402827,0
tRNA-Val-CAC-1-1,0.095366568,0
tRNA-Val-CAC-1-6,0.095178298,0
tRNA-Val-CAC-5-1,0.095073348,0
tRNA-Gln-TTG-3-1,0.094835891,0
tRNA-Gln-TTG-3-3,0.092163404,0
tRNA-Gln-TTG-3-2,0.09094325,0
tRNA-Glu-CTC-1-7,0.08007815,0
tRNA-Glu-CTC-1-4,0.079728506,0
tRNA-Glu-CTC-1-2,0.079565314,0
tRNA-Gly-GCC-1-4,0.079095861,0
tRNA-Gly-GCC-1-1,0.078470378,0
tRNA-Glu-CTC-1-6,0.078313675,0
tRNA-Gln-TTG-2-1,0.078291963,0
tRNA-Gly-GCC-1-3,0.077974518,0
tRNA-Gly-GCC-1-5,0.077733882,0
tRNA-Gly-GCC-1-2,0.077473866,0
tRNA-Glu-CTC-2-1,0.076007483,0
tRNA-His-GTG-1-4,0.075705814,0
tRNA-His-GTG-1-2,0.075614191,0
tRNA-His-GTG-1-5,0.075484321,0
tRNA-His-GTG-1-6,0.075408382,0
tRNA-His-GTG-1-9,0.074982904,0
tRNA-His-GTG-1-1,0.07495883,0
tRNA-His-GTG-1-3,0.07492753,0
tRNA-His-GTG-1-8,0.074740668,0
tRNA-His-GTG-1-7,0.074405438,0
tRNA-Arg-CCG-2-1,0.070816621,0
tRNA-Gln-TTG-1-1,0.070037582,0
tRNA-Glu-CTC-1-5,0.066169253,0
tRNA-Glu-CTC-1-1,0.064452743,0
tRNA-Gly-CCC-2-1,0.064362185,0
tRNA-Gly-CCC-2-2,0.063787861,0
tRNA-Glu-CTC-1-3,0.063467336,0
tRNA-Gln-CTG-5-1,0.061254957,0
tRNA-Gln-CTG-2-1,0.054205685,0
tRNA-Gln-CTG-1-5,0.051649459,0
tRNA-Gln-CTG-1-3,0.051024397,0
tRNA-Gln-CTG-1-1,0.050631155,0
tRNA-Gln-CTG-1-2,0.050328945,0
tRNA-Gln-CTG-1-4,0.04996273,0
tRNA-Gly-CCC-1-2,0.038163631,0
tRNA-Gly-CCC-1-1,0.035789606,0
tRNA-Glu-TTC-2-2,0.035677692,0
tRNA-Glu-TTC-2-1,0.035612828,0
tRNA-Gly-GCC-5-1,0.029518867,0
tRNA-Gly-GCC-3-1,0.026754604,0
tRNA-Gly-GCC-2-5,0.024336009,0
tRNA-Gly-GCC-2-3,0.024076574,0
tRNA-Gly-GCC-2-4,0.023962556,0
tRNA-Gly-GCC-2-1,0.023940815,0
tRNA-Gly-GCC-2-6,0.023883472,0
tRNA-Gly-GCC-2-2,0.023724619,0
